-- MySQL dump 10.14  Distrib 5.5.68-MariaDB, for Linux (x86_64)
--
-- Host: localhost    Database: kanshi
-- ------------------------------------------------------
-- Server version	5.5.68-MariaDB

/*!40101 SET @OLD_CHARACTER_SET_CLIENT=@@CHARACTER_SET_CLIENT */;
/*!40101 SET @OLD_CHARACTER_SET_RESULTS=@@CHARACTER_SET_RESULTS */;
/*!40101 SET @OLD_COLLATION_CONNECTION=@@COLLATION_CONNECTION */;
/*!40101 SET NAMES cp932 */;
/*!40103 SET @OLD_TIME_ZONE=@@TIME_ZONE */;
/*!40103 SET TIME_ZONE='+00:00' */;
/*!40014 SET @OLD_UNIQUE_CHECKS=@@UNIQUE_CHECKS, UNIQUE_CHECKS=0 */;
/*!40014 SET @OLD_FOREIGN_KEY_CHECKS=@@FOREIGN_KEY_CHECKS, FOREIGN_KEY_CHECKS=0 */;
/*!40101 SET @OLD_SQL_MODE=@@SQL_MODE, SQL_MODE='NO_AUTO_VALUE_ON_ZERO' */;
/*!40111 SET @OLD_SQL_NOTES=@@SQL_NOTES, SQL_NOTES=0 */;

--
-- Table structure for table `admintb`
--

DROP TABLE IF EXISTS `admintb`;
/*!40101 SET @saved_cs_client     = @@character_set_client */;
/*!40101 SET character_set_client = utf8 */;
CREATE TABLE `admintb` (
  `kanriname` varchar(12) DEFAULT NULL,
  `kanripass` varchar(12) DEFAULT NULL,
  `authority` char(1) NOT NULL DEFAULT '0',
  `receiver` varchar(50) NOT NULL,
  `sender` varchar(50) NOT NULL,
  `subject` varchar(50) DEFAULT NULL,
  `body` varchar(100) DEFAULT NULL,
  `monintval` int(5) NOT NULL DEFAULT '120',
  `snmpintval` int(5) NOT NULL DEFAULT '600',
  `debug` char(1) NOT NULL DEFAULT '0',
  `kanrino` char(4) NOT NULL,
  `coreoldctr` int(8) NOT NULL DEFAULT '0',
  `corenewctr` int(8) NOT NULL DEFAULT '0',
  `hosthyouji` char(1) NOT NULL DEFAULT '0',
  `haikei` varchar(25) NOT NULL DEFAULT 'umi.png'
) ENGINE=InnoDB DEFAULT CHARSET=utf8mb4;
/*!40101 SET character_set_client = @saved_cs_client */;

--
-- Dumping data for table `admintb`
--

LOCK TABLES `admintb` WRITE;
/*!40000 ALTER TABLE `admintb` DISABLE KEYS */;
INSERT INTO `admintb` VALUES ('admin','20240120','0','oshima@sunnyblue.mydns.jp','vmadmin@sunnyblue.mydns.jp','25??????????????Åı??????','25??????????????Åò??????????????????',120,600,'0','1100',1,1,'0','umi.png');
/*!40000 ALTER TABLE `admintb` ENABLE KEYS */;
UNLOCK TABLES;

--
-- Table structure for table `eventlog`
--

DROP TABLE IF EXISTS `eventlog`;
/*!40101 SET @saved_cs_client     = @@character_set_client */;
/*!40101 SET character_set_client = utf8 */;
CREATE TABLE `eventlog` (
  `host` varchar(25) NOT NULL,
  `eventtime` varchar(12) NOT NULL,
  `eventtype` char(1) NOT NULL DEFAULT '0',
  `snmptype` char(1) NOT NULL DEFAULT '0',
  `snmpvalue` varchar(25) NOT NULL,
  `kanrisha` char(5) NOT NULL,
  `kanrino` char(10) NOT NULL,
  `confclose` char(1) NOT NULL DEFAULT '0',
  `mailsend` char(1) NOT NULL DEFAULT '0',
  `message` varchar(150) NOT NULL
) ENGINE=InnoDB DEFAULT CHARSET=utf8mb4;
/*!40101 SET character_set_client = @saved_cs_client */;

--
-- Dumping data for table `eventlog`
--

LOCK TABLES `eventlog` WRITE;
/*!40000 ALTER TABLE `eventlog` DISABLE KEYS */;
INSERT INTO `eventlog` VALUES ('LOGIN_admin','240121111950','0','0','','admin','','0','0',''),('LOGOUT_admin','240121113113','9','0','','admin','','0','0',''),('LOGIN_admin','240121113154','0','0','','admin','','0','0',''),('LOGOUT_admin','240121114851','9','0','','admin','','0','0',''),('LOGIN_admin','240121115959','0','0','','admin','','0','0',''),('LOGIN_admin','240121152411','0','0','','admin','','0','0',''),('192.168.1.18','240121172224','5','0','','admin','','0','0',''),('192.168.1.18','240121172323','1','0','','admin','','0','0',''),('LOGIN_admin','240122062248','0','0','','admin','','0','0',''),('GLOBAL_admin','240122085938','3','0','','admin','','0','0',''),('GLOBAL_admin','240122090006','3','0','','admin','','0','0',''),('192.168.1.19','240122154230','5','0','','admin','','0','0',''),('192.168.1.19','240122154245','4','0','','admin','','0','0',''),('GLOBAL_admin','240122164126','3','0','','admin','','0','0',''),('GLOBAL_admin','240122211223','3','0','','admin','','0','0',''),('LOGOUT_admin','240122211736','9','0','','admin','','0','0',''),('LOGIN_admin','240123154548','0','0','','admin','','0','0',''),('LOGIN_admin','240125151649','0','0','','admin','','0','0',''),('LOGOUT_admin','240125155705','9','0','','admin','','0','0',''),('LOGIN_admin','240125160436','0','0','','admin','','0','0',''),('192.168.1.155','240126175947','3','','','admin','2401260001','3','1',''),('192.168.1.155','240126180512','1','2','n:11','admin','','0','0',''),('192.168.1.155','240126180512','1','3','n:31','admin','','0','0',''),('192.168.1.155','240126180512','1','4','n:41','admin','','0','0',''),('192.168.1.155','240126180512','2','6','22','admin','','0','0',''),('192.168.1.155','240126182512','2','6','22','admin','','0','0',''),('192.168.1.155','240126184512','2','6','22','admin','','0','0',''),('192.168.1.155','240126185513','2','6','22','admin','','0','0',''),('192.168.1.155','240126190513','2','6','22','admin','','0','0',''),('192.168.1.155','240126192513','2','6','22','admin','','0','0',''),('192.168.1.155','240126194513','2','6','22','admin','','0','0',''),('192.168.1.155','240126195514','2','6','22','admin','','0','0',''),('192.168.1.155','240126200514','2','6','22','admin','','0','0',''),('192.168.1.155','240126202514','2','6','22','admin','','0','0',''),('192.168.1.155','240126203515','2','6','22','admin','','0','0',''),('192.168.1.139','240126204033','3','','','admin','2401260002','3','1',''),('192.168.1.139','240126204515','1','2','n:5','admin','','0','0',''),('192.168.1.139','240126204515','1','3','n:76','admin','','0','0',''),('192.168.1.139','240126204515','1','4','n:53','admin','','0','0',''),('192.168.1.139','240126204515','1','6','allok','admin','','0','0',''),('192.168.1.155','240126210516','2','6','22','admin','','0','0',''),('192.168.1.155','240126212516','2','6','22','admin','','0','0',''),('192.168.1.155','240126214516','2','6','22','admin','','0','0',''),('192.168.1.155','240126215517','2','6','22','admin','','0','0',''),('192.168.1.155','240126220517','2','6','22','admin','','0','0',''),('192.168.1.155','240126222517','2','6','22','admin','','0','0',''),('192.168.1.155','240126224518','2','6','22','admin','','0','0',''),('192.168.1.155','240126230518','2','6','22','admin','','0','0',''),('192.168.1.155','240126232518','2','6','22','admin','','0','0',''),('192.168.1.155','240126234519','2','6','22','admin','','0','0',''),('192.168.1.155','240127000519','2','6','22','admin','','0','0',''),('192.168.1.155','240127002519','2','6','22','admin','','0','0',''),('192.168.1.155','240127003520','2','6','22','admin','','0','0',''),('192.168.1.155','240127005520','2','6','22','admin','','0','0',''),('192.168.1.155','240127010520','2','6','22','admin','','0','0',''),('192.168.1.155','240127012520','2','6','22','admin','','0','0',''),('192.168.1.155','240127013521','2','6','22','admin','','0','0',''),('192.168.1.155','240127015521','2','6','22','admin','','0','0',''),('192.168.1.155','240127020521','2','6','22','admin','','0','0',''),('192.168.1.155','240127022522','2','6','22','admin','','0','0',''),('192.168.1.155','240127024522','2','6','22','admin','','0','0',''),('192.168.1.155','240127030522','2','6','22','admin','','0','0',''),('192.168.1.155','240127032523','2','6','22','admin','','0','0',''),('192.168.1.155','240127034523','2','6','22','admin','','0','0',''),('192.168.1.155','240127040523','2','6','22','admin','','0','0',''),('192.168.1.155','240127041524','2','6','22','admin','','0','0',''),('192.168.1.155','240127043524','2','6','22','admin','','0','0',''),('192.168.1.155','240127045524','2','6','22','admin','','0','0',''),('192.168.1.155','240127050524','2','6','22','admin','','0','0',''),('192.168.1.155','240127051525','2','6','22','admin','','0','0',''),('192.168.1.155','240127053525','2','6','22','admin','','0','0',''),('192.168.1.155','240127055525','2','6','22','admin','','0','0',''),('192.168.1.155','240127060526','2','6','22','admin','','0','0',''),('192.168.1.155','240127062526','2','6','22','admin','','0','0',''),('192.168.1.155','240127064526','2','6','22','admin','','0','0',''),('LOGOUT_admin','240127065452','9','0','','admin','','0','0','');
/*!40000 ALTER TABLE `eventlog` ENABLE KEYS */;
UNLOCK TABLES;

--
-- Table structure for table `eventmemo`
--

DROP TABLE IF EXISTS `eventmemo`;
/*!40101 SET @saved_cs_client     = @@character_set_client */;
/*!40101 SET character_set_client = utf8 */;
CREATE TABLE `eventmemo` (
  `eventtime` char(12) NOT NULL,
  `host` varchar(25) NOT NULL,
  `shogaiid` varchar(12) DEFAULT NULL,
  `shogaino` char(12) DEFAULT NULL,
  `memo` varchar(200) NOT NULL
) ENGINE=InnoDB DEFAULT CHARSET=utf8mb4;
/*!40101 SET character_set_client = @saved_cs_client */;

--
-- Dumping data for table `eventmemo`
--

LOCK TABLES `eventmemo` WRITE;
/*!40000 ALTER TABLE `eventmemo` DISABLE KEYS */;
INSERT INTO `eventmemo` VALUES ('240126175947','192.168.1.155','port??Åã???','2401260001','22 port trouble'),('240126204033','192.168.1.139','port??Åã???','2401260002','port??Åã???');
/*!40000 ALTER TABLE `eventmemo` ENABLE KEYS */;
UNLOCK TABLES;

--
-- Table structure for table `glayout`
--

DROP TABLE IF EXISTS `glayout`;
/*!40101 SET @saved_cs_client     = @@character_set_client */;
/*!40101 SET character_set_client = utf8 */;
CREATE TABLE `glayout` (
  `gname` varchar(30) NOT NULL,
  `gsequence` int(3) NOT NULL DEFAULT '1',
  `gfield` int(2) NOT NULL DEFAULT '1',
  `gsegment` int(3) NOT NULL DEFAULT '1',
  `dataflag` char(1) NOT NULL DEFAULT '0'
) ENGINE=InnoDB DEFAULT CHARSET=utf8mb4;
/*!40101 SET character_set_client = @saved_cs_client */;

--
-- Dumping data for table `glayout`
--

LOCK TABLES `glayout` WRITE;
/*!40000 ALTER TABLE `glayout` DISABLE KEYS */;
INSERT INTO `glayout` VALUES ('group1',1,2,1,'1'),('group2',2,2,1,'1');
/*!40000 ALTER TABLE `glayout` ENABLE KEYS */;
UNLOCK TABLES;

--
-- Table structure for table `glayout_sample`
--

DROP TABLE IF EXISTS `glayout_sample`;
/*!40101 SET @saved_cs_client     = @@character_set_client */;
/*!40101 SET character_set_client = utf8 */;
CREATE TABLE `glayout_sample` (
  `gname` varchar(30) NOT NULL,
  `gsequence` int(3) NOT NULL DEFAULT '1',
  `gfield` int(2) NOT NULL DEFAULT '1',
  `gsegment` int(3) NOT NULL DEFAULT '1',
  `dataflag` char(1) NOT NULL DEFAULT '0'
) ENGINE=InnoDB DEFAULT CHARSET=utf8mb4;
/*!40101 SET character_set_client = @saved_cs_client */;

--
-- Dumping data for table `glayout_sample`
--

LOCK TABLES `glayout_sample` WRITE;
/*!40000 ALTER TABLE `glayout_sample` DISABLE KEYS */;
INSERT INTO `glayout_sample` VALUES ('group1',1,2,1,'1'),('group2',2,2,1,'1');
/*!40000 ALTER TABLE `glayout_sample` ENABLE KEYS */;
UNLOCK TABLES;

--
-- Table structure for table `header`
--

DROP TABLE IF EXISTS `header`;
/*!40101 SET @saved_cs_client     = @@character_set_client */;
/*!40101 SET character_set_client = utf8 */;
CREATE TABLE `header` (
  `title` varchar(50) DEFAULT NULL,
  `subtitle` varchar(50) DEFAULT NULL,
  `image1` varchar(20) DEFAULT NULL,
  `image2` varchar(20) DEFAULT NULL,
  `image3` varchar(20) DEFAULT NULL,
  `image4` varchar(20) DEFAULT NULL,
  `image5` varchar(20) DEFAULT NULL,
  `link1title` varchar(40) DEFAULT NULL,
  `link2title` varchar(40) DEFAULT NULL,
  `link3title` varchar(40) DEFAULT NULL,
  `link4title` varchar(40) DEFAULT NULL,
  `link5title` varchar(40) DEFAULT NULL,
  `link1url` varchar(60) DEFAULT NULL,
  `link2url` varchar(60) DEFAULT NULL,
  `link3url` varchar(60) DEFAULT NULL,
  `link4url` varchar(60) DEFAULT NULL,
  `link5url` varchar(60) DEFAULT NULL,
  `imagesel` int(2) DEFAULT NULL
) ENGINE=InnoDB DEFAULT CHARSET=utf8mb4;
/*!40101 SET character_set_client = @saved_cs_client */;

--
-- Dumping data for table `header`
--

LOCK TABLES `header` WRITE;
/*!40000 ALTER TABLE `header` DISABLE KEYS */;
INSERT INTO `header` VALUES ('Title','SubTitle','header6.jpg','header7.jpg','header8.jpg','header9.jpg',NULL,'title1','title2','title3','title4',NULL,'#url1','#url2','#url3','#url4',NULL,1);
/*!40000 ALTER TABLE `header` ENABLE KEYS */;
UNLOCK TABLES;

--
-- Table structure for table `historylog`
--

DROP TABLE IF EXISTS `historylog`;
/*!40101 SET @saved_cs_client     = @@character_set_client */;
/*!40101 SET character_set_client = utf8 */;
CREATE TABLE `historylog` (
  `type` char(1) NOT NULL,
  `logtime` char(12) NOT NULL,
  `subject` varchar(50) DEFAULT NULL,
  `contents` varchar(512) DEFAULT NULL
) ENGINE=InnoDB DEFAULT CHARSET=utf8mb4;
/*!40101 SET character_set_client = @saved_cs_client */;

--
-- Dumping data for table `historylog`
--

LOCK TABLES `historylog` WRITE;
/*!40000 ALTER TABLE `historylog` DISABLE KEYS */;
/*!40000 ALTER TABLE `historylog` ENABLE KEYS */;
UNLOCK TABLES;

--
-- Table structure for table `host`
--

DROP TABLE IF EXISTS `host`;
/*!40101 SET @saved_cs_client     = @@character_set_client */;
/*!40101 SET character_set_client = utf8 */;
CREATE TABLE `host` (
  `host` varchar(25) NOT NULL,
  `groupname` varchar(15) NOT NULL DEFAULT 'Local',
  `ostype` char(1) NOT NULL DEFAULT '0',
  `result` char(1) NOT NULL DEFAULT '0',
  `action` char(1) NOT NULL DEFAULT '0',
  `viewname` varchar(15) NOT NULL DEFAULT 'Local',
  `mailopt` char(1) NOT NULL DEFAULT '0',
  `tcpport` varchar(50) DEFAULT NULL,
  `cpulim` varchar(5) DEFAULT NULL,
  `ramlim` varchar(5) DEFAULT NULL,
  `disklim` varchar(5) DEFAULT NULL,
  `process` varchar(50) DEFAULT NULL,
  `image` varchar(15) DEFAULT NULL,
  `snmpcomm` varchar(10) DEFAULT 'public',
  `agenthost` varchar(25) NOT NULL
) ENGINE=InnoDB DEFAULT CHARSET=utf8mb4;
/*!40101 SET character_set_client = @saved_cs_client */;

--
-- Dumping data for table `host`
--

LOCK TABLES `host` WRITE;
/*!40000 ALTER TABLE `host` DISABLE KEYS */;
INSERT INTO `host` VALUES ('127.0.0.1','Group','0','1','1','Localhost','','','','','','','server.png','','127.0.0.1'),('192.168.1.139','notused','1','1','2','mailserver','1','22','80:90','80:90','80:90','','server.png','public',''),('192.168.1.155','notused','0','1','2','Optiplex9901','0','22','80:90','80:90','80:90','','server.png','public',''),('192.168.1.18','unkown','1','1','1','LetsNote','0','','80:90','80:90','80:90','','server.png','public','');
/*!40000 ALTER TABLE `host` ENABLE KEYS */;
UNLOCK TABLES;

--
-- Table structure for table `layout`
--

DROP TABLE IF EXISTS `layout`;
/*!40101 SET @saved_cs_client     = @@character_set_client */;
/*!40101 SET character_set_client = utf8 */;
CREATE TABLE `layout` (
  `gshid` char(6) NOT NULL,
  `host` varchar(30) DEFAULT NULL
) ENGINE=InnoDB DEFAULT CHARSET=utf8mb4;
/*!40101 SET character_set_client = @saved_cs_client */;

--
-- Dumping data for table `layout`
--

LOCK TABLES `layout` WRITE;
/*!40000 ALTER TABLE `layout` DISABLE KEYS */;
INSERT INTO `layout` VALUES ('g1s0h0','127.0.0.1'),('g1s0h1','192.168.1.18'),('g2s0h0','192.168.1.139'),('g2s0h1','192.168.1.155');
/*!40000 ALTER TABLE `layout` ENABLE KEYS */;
UNLOCK TABLES;

--
-- Table structure for table `layout_sample`
--

DROP TABLE IF EXISTS `layout_sample`;
/*!40101 SET @saved_cs_client     = @@character_set_client */;
/*!40101 SET character_set_client = utf8 */;
CREATE TABLE `layout_sample` (
  `gshid` char(6) NOT NULL,
  `host` varchar(30) DEFAULT NULL
) ENGINE=InnoDB DEFAULT CHARSET=utf8mb4;
/*!40101 SET character_set_client = @saved_cs_client */;

--
-- Dumping data for table `layout_sample`
--

LOCK TABLES `layout_sample` WRITE;
/*!40000 ALTER TABLE `layout_sample` DISABLE KEYS */;
INSERT INTO `layout_sample` VALUES ('g1s0h0','127.0.0.1'),('g1s0h1','192.168.1.18'),('g2s0h0','192.168.1.139'),('g2s0h1','192.168.1.155');
/*!40000 ALTER TABLE `layout_sample` ENABLE KEYS */;
UNLOCK TABLES;

--
-- Table structure for table `mailserver`
--

DROP TABLE IF EXISTS `mailserver`;
/*!40101 SET @saved_cs_client     = @@character_set_client */;
/*!40101 SET character_set_client = utf8 */;
CREATE TABLE `mailserver` (
  `server` varchar(30) NOT NULL,
  `port` int(5) NOT NULL DEFAULT '25',
  `user` varchar(40) NOT NULL,
  `password` varchar(30) NOT NULL,
  `status` varchar(1) NOT NULL,
  `server2` varchar(30) NOT NULL,
  `port2` int(5) NOT NULL DEFAULT '25',
  `user2` varchar(40) NOT NULL,
  `password2` varchar(30) NOT NULL,
  `status2` varchar(1) NOT NULL
) ENGINE=InnoDB DEFAULT CHARSET=utf8mb4;
/*!40101 SET character_set_client = @saved_cs_client */;

--
-- Dumping data for table `mailserver`
--

LOCK TABLES `mailserver` WRITE;
/*!40000 ALTER TABLE `mailserver` DISABLE KEYS */;
INSERT INTO `mailserver` VALUES ('192.168.1.139',587,'oshima@sunnyblue.mydns.jp','amihsho1306','0','',25,'','','');
/*!40000 ALTER TABLE `mailserver` ENABLE KEYS */;
UNLOCK TABLES;

--
-- Table structure for table `processtb`
--

DROP TABLE IF EXISTS `processtb`;
/*!40101 SET @saved_cs_client     = @@character_set_client */;
/*!40101 SET character_set_client = utf8 */;
CREATE TABLE `processtb` (
  `admin` varchar(20) DEFAULT NULL,
  `starttime` varchar(12) DEFAULT NULL,
  `montime` int(4) DEFAULT NULL,
  `monstamp` bigint(12) DEFAULT NULL,
  `coretime` int(4) DEFAULT NULL,
  `corestamp` bigint(12) DEFAULT NULL,
  `snmptime` int(4) DEFAULT NULL,
  `snmpstamp` bigint(12) DEFAULT NULL,
  `mrtgtime` int(4) DEFAULT NULL,
  `mrtgstamp` bigint(12) DEFAULT NULL
) ENGINE=InnoDB DEFAULT CHARSET=utf8mb4;
/*!40101 SET character_set_client = @saved_cs_client */;

--
-- Dumping data for table `processtb`
--

LOCK TABLES `processtb` WRITE;
/*!40000 ALTER TABLE `processtb` DISABLE KEYS */;
INSERT INTO `processtb` VALUES ('admin','240125160436',120,240126171401,60,1706306089,600,1706305526,360,1647169256);
/*!40000 ALTER TABLE `processtb` ENABLE KEYS */;
UNLOCK TABLES;

--
-- Table structure for table `serverimage`
--

DROP TABLE IF EXISTS `serverimage`;
/*!40101 SET @saved_cs_client     = @@character_set_client */;
/*!40101 SET character_set_client = utf8 */;
CREATE TABLE `serverimage` (
  `image` varchar(20) NOT NULL,
  `name` varchar(40) NOT NULL,
  `comment` varchar(100) NOT NULL
) ENGINE=InnoDB DEFAULT CHARSET=utf8mb4;
/*!40101 SET character_set_client = @saved_cs_client */;

--
-- Dumping data for table `serverimage`
--

LOCK TABLES `serverimage` WRITE;
/*!40000 ALTER TABLE `serverimage` DISABLE KEYS */;
INSERT INTO `serverimage` VALUES ('server.png','??????Server','');
/*!40000 ALTER TABLE `serverimage` ENABLE KEYS */;
UNLOCK TABLES;

--
-- Table structure for table `statistics`
--

DROP TABLE IF EXISTS `statistics`;
/*!40101 SET @saved_cs_client     = @@character_set_client */;
/*!40101 SET character_set_client = utf8 */;
CREATE TABLE `statistics` (
  `host` varchar(25) NOT NULL,
  `tstamp` varchar(12) NOT NULL,
  `gtype` char(1) NOT NULL DEFAULT '0',
  `cpuval` varchar(10) DEFAULT NULL,
  `ramval` varchar(10) DEFAULT NULL,
  `agent` varchar(10) DEFAULT NULL,
  `diskval` varchar(10) DEFAULT NULL,
  `process` varchar(30) DEFAULT NULL,
  `tcpport` varchar(30) DEFAULT NULL
) ENGINE=InnoDB DEFAULT CHARSET=utf8mb4;
/*!40101 SET character_set_client = @saved_cs_client */;

--
-- Dumping data for table `statistics`
--

LOCK TABLES `statistics` WRITE;
/*!40000 ALTER TABLE `statistics` DISABLE KEYS */;
INSERT INTO `statistics` VALUES ('127.0.0.1','000000000000','0',NULL,NULL,'ok',NULL,NULL,NULL),('192.168.1.18','000000000000','0',NULL,NULL,NULL,NULL,NULL,NULL),('192.168.1.18','000000000000','0',NULL,NULL,NULL,NULL,NULL,NULL),('192.168.1.155','240127064526','0','n:8','n:33','','n:41','empty','22'),('192.168.1.139','240126204515','0','n:5','n:76','','n:53','empty','allok');
/*!40000 ALTER TABLE `statistics` ENABLE KEYS */;
UNLOCK TABLES;

--
-- Table structure for table `status`
--

DROP TABLE IF EXISTS `status`;
/*!40101 SET @saved_cs_client     = @@character_set_client */;
/*!40101 SET character_set_client = utf8 */;
CREATE TABLE `status` (
  `pointer` int(1) NOT NULL DEFAULT '0',
  `mark1` char(1) NOT NULL DEFAULT '0',
  `msg1` varchar(22) NOT NULL,
  `mark2` char(1) NOT NULL DEFAULT '0',
  `msg2` varchar(22) NOT NULL,
  `mark3` char(1) NOT NULL DEFAULT '0',
  `msg3` varchar(22) NOT NULL,
  `mark4` char(1) NOT NULL DEFAULT '0',
  `msg4` varchar(22) NOT NULL,
  `mark5` char(1) NOT NULL DEFAULT '0',
  `msg5` varchar(22) NOT NULL
) ENGINE=InnoDB DEFAULT CHARSET=utf8mb4;
/*!40101 SET character_set_client = @saved_cs_client */;

--
-- Dumping data for table `status`
--

LOCK TABLES `status` WRITE;
/*!40000 ALTER TABLE `status` DISABLE KEYS */;
INSERT INTO `status` VALUES (2,'0','Mail Server Active','1','Web Log Remain','1','Kanshi Log Remain','','','0','');
/*!40000 ALTER TABLE `status` ENABLE KEYS */;
UNLOCK TABLES;

--
-- Table structure for table `user`
--

DROP TABLE IF EXISTS `user`;
/*!40101 SET @saved_cs_client     = @@character_set_client */;
/*!40101 SET character_set_client = utf8 */;
CREATE TABLE `user` (
  `userid` varchar(12) DEFAULT NULL,
  `password` varchar(12) DEFAULT NULL,
  `authority` char(1) NOT NULL DEFAULT '1',
  `username` varchar(30) DEFAULT NULL,
  `usercode` char(5) NOT NULL DEFAULT '0',
  `timestamp` varchar(12) DEFAULT NULL
) ENGINE=InnoDB DEFAULT CHARSET=utf8mb4;
/*!40101 SET character_set_client = @saved_cs_client */;

--
-- Dumping data for table `user`
--

LOCK TABLES `user` WRITE;
/*!40000 ALTER TABLE `user` DISABLE KEYS */;
INSERT INTO `user` VALUES ('admin','manager','1','Administrator','11000','000000000000');
/*!40000 ALTER TABLE `user` ENABLE KEYS */;
UNLOCK TABLES;
/*!40103 SET TIME_ZONE=@OLD_TIME_ZONE */;

/*!40101 SET SQL_MODE=@OLD_SQL_MODE */;
/*!40014 SET FOREIGN_KEY_CHECKS=@OLD_FOREIGN_KEY_CHECKS */;
/*!40014 SET UNIQUE_CHECKS=@OLD_UNIQUE_CHECKS */;
/*!40101 SET CHARACTER_SET_CLIENT=@OLD_CHARACTER_SET_CLIENT */;
/*!40101 SET CHARACTER_SET_RESULTS=@OLD_CHARACTER_SET_RESULTS */;
/*!40101 SET COLLATION_CONNECTION=@OLD_COLLATION_CONNECTION */;
/*!40111 SET SQL_NOTES=@OLD_SQL_NOTES */;

-- Dump completed on 2024-01-27 20:20:12
